firstName,lastName,title,available,phoneNumber,email
Whoopi,Delgado,Mrs,Yes,(03) 0382 7741,ultricies.adipiscing@hotmail.ca
Carissa,Simpson,Mrs,No,(06) 0828 4595,arcu.vel.quam@outlook.couk
Georgia,Hopper,Sir,Yes,(04) 8863 7779,elit.nulla@protonmail.org
Xena,Love,Ms,No,(07) 2321 7284,metus.in@outlook.com
Brenden,Ellis,Miss,No,(05) 6729 3104,varius.nam.porttitor@icloud.edu
Anne,Knowles,Miss,Yes,(04) 8732 1237,ridiculus.mus@icloud.ca
David,Hahn,Ms,No,(07) 2691 8143,auctor.velit@protonmail.edu
Basia,Dorsey,Mrs,Yes,(04) 3406 1476,nam.tempor@protonmail.net
Wylie,Kennedy,Ms,Yes,(05) 3444 5946,adipiscing.fringilla@aol.net
Rhona,Fisher,Mrs,No,(01) 7259 5714,lorem.auctor@outlook.ca
Tasha,Stout,Mrs,No,(06) 8761 4973,neque.et@aol.couk
Colby,Mcpherson,Mrs,No,(06) 6455 2604,vel.arcu@hotmail.org
Aurelia,Barnes,Miss,No,(02) 7852 3589,vel.arcu.curabitur@icloud.org
Gisela,Bradley,Miss,Yes,(08) 8265 7063,urna.convallis.erat@icloud.couk
Halee,Vega,Ms,Yes,(06) 5764 1287,ac.mattis@aol.org
Dillon,Haney,Mrs,Yes,(07) 8933 2126,ultrices.posuere@google.edu
Chastity,Guerrero,Mr,No,(06) 4029 6502,sem.ut@hotmail.com
Alexandra,Sawyer,Mrs,Yes,(09) 0556 5305,est@hotmail.edu
Marsden,Hodges,Mrs,Yes,(04) 1412 2860,nisi.magna.sed@google.com
Mona,Levine,Ms,No,(05) 2499 7745,purus.gravida.sagittis@icloud.couk
